获取时间,天气状况,数据更新时间,气温,体感温度,湿度,风速(m/s),风向,风向角,风力等级,气压(hPa),能见度(km),AQI,PM2.5,PM10,NO2,O3,CO
2026-04-25T18:04:30.497956,阴,18:04,15,11,35,4.44,东南风,135,3,1007,14,63,37,68,21,111,0.6
2026-04-25T18:34:31.352588,阴,18:34,15,11,36,4.44,东南风,135,3,1007,13,63,37,68,21,111,0.6
2026-04-25T19:04:32.185849,阴,19:04,15,11,54,4.44,东南风,135,3,1007,6,60,39,64,21,112,0.6
2026-04-25T19:34:32.989409,阴,19:34,8,4,72,4.44,东风,87,3,1008,8,60,39,64,21,112,0.6
2026-04-25T20:04:34.040239,阴,20:04,8,4,88,4.44,东南风,135,3,1008,4,68,30,74,20,99,0.6
2026-04-25T20:34:35.331170,阴,20:34,8,3,92,4.44,东南风,135,3,1008,8,68,30,74,20,99,0.6
2026-04-25T21:04:36.567170,阴,21:04,7,4,88,4.44,东风,108,3,1008,7,72,36,80,17,95,0.6
2026-04-25T21:34:37.406262,阴,21:33,7,3,86,4.44,东风,70,3,1009,7,72,36,80,17,95,0.6
2026-04-25T22:04:38.378936,阴,22:03,7,3,87,4.44,东风,74,3,1009,6,51,28,51,16,76,0.4
2026-04-25T22:34:39.527841,阴,22:33,7,3,90,4.44,东南风,135,3,1009,3,51,28,51,16,76,0.4
2026-04-25T23:04:40.516901,阴,23:03,7,2,95,4.44,东风,68,3,1009,3,45,31,37,18,68,0.5
2026-04-25T23:34:41.470281,阴,23:33,7,3,95,4.44,东南风,135,3,1009,5,45,31,37,18,68,0.5
2026-04-26T00:04:42.384315,阴,0:03,7,3,95,3.06,东风,96,2,1011,3,45,31,33,15,66,0.5
2026-04-26T00:34:43.361596,阴,0:34,7,2,95,4.44,东南风,135,3,1009,4,45,31,33,15,66,0.5
2026-04-26T01:04:44.389458,阴,1:04,7,3,95,4.44,东南风,135,3,1009,4,43,30,33,16,64,0.5
2026-04-26T01:34:45.350544,阴,1:34,7,4,95,4.44,东风,103,3,1011,6,43,30,33,16,64,0.5
2026-04-26T02:04:46.281807,阴,2:03,7,4,93,4.44,东风,69,3,1009,6,42,29,30,14,68,0.5
2026-04-26T02:34:47.136493,阴,2:33,7,4,91,1.94,东南风,135,2,1010,7,42,29,30,14,68,0.5
2026-04-26T03:04:48.059207,阴,3:04,7,4,89,4.44,东南风,135,3,1010,5,35,24,29,11,71,0.4
2026-04-26T03:34:48.968150,阴,3:34,6,3,91,1.94,东风,96,2,1009,5,35,24,29,11,71,0.4
2026-04-26T04:04:49.928722,阴,4:04,6,3,87,4.44,东风,77,3,1009,5,33,23,25,10,72,0.4
2026-04-26T04:34:50.754755,阴,4:34,6,3,88,1.11,东风,73,1,1012,13,33,23,25,10,72,0.4
2026-04-26T05:04:51.619194,阴,5:03,6,3,85,0.56,东风,68,1,1012,13,35,24,28,10,71,0.4
2026-04-26T05:34:52.584160,阴,5:33,5,2,84,0.28,东南风,135,1,1010,13,35,24,28,10,71,0.4
2026-04-26T06:04:53.502680,阴,6:03,6,3,84,0.56,北风,20,1,1010,13,33,23,24,10,71,0.4
2026-04-26T06:34:54.360855,阴,6:33,6,2,90,0.28,东南风,135,1,1011,8,33,23,24,10,71,0.4
2026-04-26T07:04:55.343704,阴,7:03,6,4,81,0.28,东南风,135,1,1011,13,25,17,20,10,70,0.4
2026-04-26T07:34:56.315815,阴,7:33,8,5,75,2.78,东南风,135,2,1011,13,25,17,20,10,70,0.4
2026-04-26T08:04:57.324154,晴,8:03,8,6,72,4.44,北风,355,3,1011,13,23,16,18,15,58,0.4
2026-04-26T08:34:58.343158,晴,8:34,9,7,63,4.44,东南风,135,3,1014,13,23,16,18,15,58,0.4
2026-04-26T09:04:59.228294,晴,9:03,10,8,60,4.44,东南风,135,3,1014,16,25,17,18,18,60,0.4
2026-04-26T09:35:00.250710,晴,9:34,11,9,50,4.44,西北风,326,3,1012,16,25,17,18,18,60,0.4
2026-04-26T10:05:01.105388,晴,10:04,11,10,50,4.44,西北风,313,3,1012,17,34,16,34,16,73,0.4
2026-04-26T10:35:02.012922,晴,10:34,12,11,31,4.44,西风,248,3,1012,19,34,16,34,16,73,0.4
2026-04-26T11:05:02.890541,晴,11:03,12,11,31,4.44,西北风,313,3,1012,15,28,19,21,14,78,0.4
2026-04-26T11:35:03.900177,晴,11:34,13,12,31,4.44,西风,251,3,1012,20,28,19,21,14,78,0.4
2026-04-26T12:05:04.801706,晴,12:04,13,11,31,4.44,西北风,312,3,1012,26,30,21,27,14,88,0.5
2026-04-26T12:35:05.683363,晴,12:34,15,12,30,4.44,西风,284,3,1012,17,30,21,27,14,88,0.5
2026-04-26T13:05:06.852783,晴,13:03,15,11,31,4.44,西北风,321,3,1012,25,30,18,30,12,95,0.5
2026-04-26T13:35:07.750969,多云,13:33,15,11,24,4.44,西风,247,3,1012,27,30,18,30,12,95,0.5
2026-04-26T14:05:08.724591,多云,14:04,15,11,25,4.44,西风,270,3,1012,26,31,11,23,7,97,0.3
2026-04-26T14:35:09.714191,晴,14:34,15,11,20,4.44,东南风,135,3,1012,26,31,11,23,7,97,0.3
2026-04-26T15:05:10.693555,晴,15:03,15,12,22,4.44,西风,260,3,1012,25,33,8,21,7,103,0.4
2026-04-26T15:35:11.647033,晴,15:34,15,11,23,4.44,西北风,312,3,1011,25,33,8,21,7,103,0.4
2026-04-26T16:05:12.652754,多云,16:04,15,12,21,4.44,西北风,319,3,1011,24,33,7,19,8,103,0.8
2026-04-26T16:35:13.474272,多云,16:34,15,11,23,4.44,西风,286,3,1011,24,33,7,19,8,103,0.8
2026-04-26T17:05:14.330272,多云,17:03,15,11,23,4.44,西风,283,3,1011,22,34,7,17,8,106,0.7
2026-04-26T17:35:15.226970,阴,17:33,15,11,28,4.44,西风,280,3,1012,22,34,7,17,8,106,0.7
2026-04-26T18:05:16.156902,阴,18:04,15,11,28,4.44,西风,277,3,1012,22,34,8,13,8,106,0.6
2026-04-26T18:35:17.084264,阴,18:34,14,11,28,3.06,西北风,298,2,1013,22,34,8,13,8,106,0.6
2026-04-26T19:05:18.050091,阴,19:04,13,10,21,4.44,西北风,295,3,1013,20,34,9,12,8,107,0.4
2026-04-26T19:35:18.908822,多云,19:34,12,11,24,1.94,西北风,303,2,1013,19,34,9,12,8,107,0.4
2026-04-26T20:05:19.840068,多云,20:04,11,8,25,4.44,西北风,335,3,1013,19,32,12,27,12,101,0.6
2026-04-26T20:35:20.646566,多云,20:34,11,9,28,4.44,东南风,135,3,1014,15,32,12,27,12,101,0.6
2026-04-26T21:05:21.611263,晴,21:04,10,8,27,4.44,北风,14,3,1014,16,28,14,23,18,87,0.6
2026-04-26T21:35:22.592086,多云,21:34,10,7,29,1.11,东南风,135,1,1015,17,28,14,23,18,87,0.6
2026-04-26T22:05:23.420317,阴,22:04,9,7,31,0.28,东南风,135,1,1015,18,30,20,30,24,74,0.6
2026-04-26T22:35:24.250230,多云,22:34,9,6,31,0.56,东南风,135,1,1015,18,30,20,30,24,74,0.6
2026-04-26T23:05:25.181740,多云,23:03,6,4,31,0.28,东北风,34,1,1015,13,35,19,35,25,70,0.6
2026-04-26T23:35:26.108713,多云,23:34,5,3,37,0.28,东北风,33,1,1015,15,35,19,35,25,70,0.6
2026-04-27T00:05:26.935373,多云,0:04,4,2,47,0.28,东北风,41,1,1015,16,32,14,32,21,70,0.5
2026-04-27T00:35:27.748578,多云,0:34,4,1,50,0.28,东风,99,1,1015,15,32,14,32,21,70,0.5
2026-04-27T01:05:28.817767,阴,1:04,3,1,56,0.28,东风,107,1,1015,15,36,25,34,24,57,0.6
2026-04-27T01:35:29.707645,多云,1:34,3,1,62,0.28,东北风,59,1,1015,14,36,25,34,24,57,0.6
2026-04-27T02:05:30.603914,晴,2:04,3,1,63,0.28,东北风,53,1,1015,15,38,22,38,22,55,0.6
2026-04-27T02:35:32.011711,晴,2:33,3,1,65,0.28,东北风,22,1,1015,15,38,22,38,22,55,0.6
2026-04-27T03:05:32.865815,晴,3:04,2,0,63,0.28,东北风,23,1,1015,14,36,25,36,30,38,0.7
2026-04-27T03:35:33.742579,晴,3:33,3,0,68,0.28,东北风,43,1,1016,13,36,25,36,30,38,0.7
2026-04-27T04:05:34.799668,阴,4:04,2,0,62,0.28,东北风,38,1,1016,13,43,28,43,46,19,0.8
2026-04-27T04:35:35.741037,阴,4:33,2,-1,64,0.28,东北风,43,1,1015,13,43,28,43,46,19,0.8
2026-04-27T05:05:36.666347,多云,5:03,2,-1,60,0.28,东北风,49,1,1015,13,43,21,43,61,1,0.6
2026-04-27T05:35:37.584146,阴,5:34,4,1,52,0.28,东南风,135,1,1015,13,43,21,43,61,1,0.6
2026-04-27T06:05:38.475202,阴,6:04,5,2,47,0.28,东南风,135,1,1015,11,53,28,53,66,1,0.8
2026-04-27T06:35:39.339309,阴,6:34,7,6,44,0.28,东北风,61,1,1016,14,53,28,53,66,1,0.8
2026-04-27T07:05:40.308800,阴,7:04,10,7,42,0.83,东南风,135,1,1016,17,46,31,46,64,3,0.8
2026-04-27T07:35:41.134298,阴,7:33,11,9,35,4.44,东南风,135,3,1016,20,46,31,46,64,3,0.8
2026-04-27T08:05:41.920959,多云,8:04,11,10,37,4.44,东风,100,3,1016,21,58,28,61,56,12,0.8
2026-04-27T08:35:42.806833,阴,8:33,12,9,36,4.44,东风,104,3,1016,21,58,28,61,56,12,0.8
2026-04-27T09:05:43.735763,阴,9:03,12,9,35,4.44,东南风,135,3,1016,20,54,22,55,56,16,0.8
2026-04-27T09:35:44.622356,阴,9:34,12,10,33,4.44,东风,86,3,1016,23,54,22,55,56,16,0.8
2026-04-27T10:05:45.602788,多云,10:04,13,11,32,4.44,东风,90,3,1016,24,44,14,44,33,47,0.6
2026-04-27T10:35:46.760500,阴,10:34,13,10,34,1.67,东北风,30,2,1016,24,44,14,44,33,47,0.6
2026-04-27T11:05:47.554017,阴,11:03,13,10,33,1.67,东北风,36,2,1016,23,30,8,30,13,74,0.5
2026-04-27T11:35:49.074011,阴,11:34,13,8,31,6.11,东风,90,4,1016,23,30,8,30,13,74,0.5
2026-04-27T12:05:50.027475,阴,12:04,13,10,31,6.94,北风,344,4,1016,22,25,8,19,12,78,0.5
2026-04-27T12:35:50.936038,阴,12:34,14,10,32,6.94,北风,5,4,1015,24,25,8,19,12,78,0.5
2026-04-27T13:05:51.897736,多云,13:04,14,9,31,8.33,北风,339,5,1015,25,27,7,22,9,84,0.5
2026-04-27T13:35:52.783547,阴,13:33,14,9,30,5.56,北风,351,4,1014,23,27,7,22,9,84,0.5
2026-04-27T14:05:53.599756,阴,14:00,14,11,28,6.94,北风,8,4,1014,24,28,8,16,9,87,0.5
2026-04-27T14:35:54.397879,阴,14:33,14,9,28,7.5,东北风,36,4,1014,20,28,8,16,9,87,0.5
2026-04-27T15:05:55.232287,阴,15:03,14,10,27,7.5,北风,2,4,1014,20,28,8,20,10,87,0.5
2026-04-27T15:35:55.992301,阴,15:34,14,9,26,6.11,北风,356,4,1013,23,28,8,20,10,87,0.5
2026-04-27T16:02:29.749386,阴,15:53,14,11,26,7.78,北风,344,4,1013,24,29,7,21,10,91,0.5
2026-04-27T16:32:30.632982,阴,16:23,14.0,9.0,25.0,5.0,东风,84.0,3,1014.0,20.0,29,7.0,21.0,10.0,91.0,0.5
